LINE NAME,LINE CODE,DIRECTION,DAY,BOARDINGS,DEBOARDINGS
1,1,Northbound,Weekday,7783.158592710136,7811.2884851619
1,1,Southbound,Weekday,7833.746610613154,7920.65860571407
6,6,Northbound,Weekday,2928.2385046769864,2921.8283955701145
6,6,Southbound,Weekday,2982.78162585114,2979.042966439509
7,7,Northbound,Weekday,1418.3352218315144,1416.256972254549
7,7,Southbound,Weekday,1403.2175720343055,1407.6577411891915
10,10,Northbound,Weekday,1090.735318063482,1095.8890316854122
10,10,Southbound,Weekday,1119.4650294601113,1119.5720091516139
12,12,Northbound,Weekday,1189.9471895659913,1194.899924981753
12,12,Southbound,Weekday,1204.3429215926526,1204.3831001297115
14,14,Eastbound,Weekday,1567.791469301555,1567.565370292078
14,14,Westbound,Weekday,1584.754432247619,1588.550599130235
18,18,Northbound,Weekday,1936.694815865315,1932.4320276001722
18,18,Southbound,Weekday,1898.3932273778744,1936.0783304947054
19,19,Eastbound,Weekday,109.18092241363237,109.28562300420981
19,19,Westbound,Weekday,110.09862319272156,110.59840008900866
20,20,Eastbound,Weekday,962.6793807711572,966.3334499834559
20,20,Westbound,Weekday,999.219627200084,996.9271193317401
21,21,Eastbound,Weekday,608.54054515522,607.7714207320091
21,21,Westbound,Weekday,671.8046654267146,673.9766811481102
28,28,Northbound,Weekday,307.55050840694867,308.38824283419063
28,28,Southbound,Weekday,344.7007305296348,343.8814960382095
29,29,Eastbound,Weekday,558.8997872419782,553.1724653312366
29,29,Westbound,Weekday,615.8746384338347,628.3284000502834
33,33,Eastbound,Weekday,1152.1847875244664,1158.3573470890253
33,33,Westbound,Weekday,1174.7481170359574,1277.9635164088854
34,34,Northbound,Weekday,289.4011895241657,321.8949660194099
34,34,Southbound,Weekday,321.4985311665512,321.3207784028981
35,35,Northbound,Weekday,306.4849068280349,307.6207396608235
35,35,Southbound,Weekday,314.2867609502687,330.613272483672
36,36,Northbound,Weekday,1202.0294840157753,1149.0815690590548
36,36,Southbound,Weekday,1090.2111987213293,1138.480737909511
39,39,Eastbound,Weekday,295.3003766746894,267.1340556058378
39,39,Westbound,Weekday,194.8603325523726,229.00883436681852
41,41,Northbound,Weekday,274.4394709273803,273.4702285042217
41,41,Southbound,Weekday,299.1816949629921,302.0038734093579
45,45,Eastbound,Weekday,610.6927833339525,611.8694103940758
45,45,Westbound,Weekday,645.0788883744976,644.9914575403059
54,54,Eastbound,Weekday,740.9762836389818,745.8567750342451
54,54,Westbound,Weekday,658.9624466022984,657.0290986044292
56,56,Northbound,Weekday,217.15061281567384,216.81339933444082
56,56,Southbound,Weekday,166.17664669513468,214.28676451184782
57,57,Eastbound,Weekday,2545.18317783061,2572.483306452032
57,57,Westbound,Weekday,2619.217597420547,2626.436762214162
60,60,Eastbound,Weekday,615.9110336035534,608.6717772987372
60,60,Westbound,Weekday,550.0260251448915,556.801970650542
62,62,Eastbound,Weekday,1006.3699558589543,1009.8150909877522
62,62,Westbound,Weekday,1039.0950002334512,1040.7624320934528
65,65,Eastbound,Weekday,239.53928571428563,242.49047619047624
65,65,Westbound,Weekday,158.30158681897814,160.32284334023456
67,67,Northbound,Weekday,361.74047619047604,358.0833333333333
70,70,Northbound,Weekday,218.86586261040242,222.7786039586858
70,70,Southbound,Weekday,188.621207733799,188.5609602632135
71,71,Northbound,Weekday,456.5453676400067,476.3148315046068
71,71,Southbound,Weekday,468.2479012286219,464.82278777752487
72,72,Northbound,Weekday,1487.0497221187295,1489.8165231285047
72,72,Southbound,Weekday,1458.3237371705154,1457.6432141367843
73,73,Eastbound,Weekday,944.4531230719925,944.4020002200289
73,73,Westbound,Weekday,1017.3780408474357,1016.6054565552788
74,74,Northbound,Weekday,613.8702605208189,562.8378857275031
74,74,Southbound,Weekday,456.5417421772392,511.5344984035726
76,76,Eastbound,Weekday,1010.4818882524145,974.238071991893
76,76,Westbound,Weekday,1032.4735924135584,1030.945988890847
79,79,Northbound,Weekday,1266.4152810977914,1264.85548270753
79,79,Southbound,Weekday,1445.4320366607883,1447.6839160723823
86,86,Northbound,Weekday,561.0446107353222,561.2721649898954
86,86,Southbound,Weekday,592.1482171484041,599.3155892530383
88,88,Northbound,Weekday,1062.7103126336829,1071.7608520448478
88,88,Southbound,Weekday,979.7422124502813,974.0948258545857
90,90,Eastbound,Weekday,346.3558119275662,354.04831532266644
90,90,Westbound,Weekday,341.0890250744437,337.9331890929655
93,93,Northbound,Weekday,337.500430469455,357.06908693118737
93,93,Southbound,Weekday,412.7610639118609,413.5600075842691
95,95,Northbound,Weekday,142.86173316348948,124.94694101416788
95,95,Southbound,Weekday,109.05647157504258,110.22031320220393
96,96,Eastbound,Weekday,680.390517042949,676.1375349624839
96,96,Westbound,Weekday,717.553734724516,727.937165101907
97,97,Northbound,Weekday,1549.9418094497296,1552.0478645555868
97,97,Southbound,Weekday,1437.8200994031085,1438.7151075823908
98,98,Eastbound,Weekday,612.5749512927746,618.3646153738658
98,98,Westbound,Weekday,623.9472207675936,625.9890912174166
99,99,Northbound,Weekday,1082.9345244529547,1086.510507673429
99,99,Southbound,Weekday,1075.5279755738397,1078.9886019534943
200,200,Northbound,Weekday,706.1337998259054,706.4184106172146
200,200,Southbound,Weekday,685.0217536906878,685.9674225289696
210,210,Northbound,Weekday,579.6958800389816,599.1587555813754
210,210,Southbound,Weekday,581.4455672635283,572.1395542509345
212,212,Northbound,Weekday,187.8354723543648,241.7159217146127
212,212,Southbound,Weekday,304.5676875309687,315.77054988914836
215,215,Northbound,Weekday,94.87679637162479,94.95434141803669
215,215,Southbound,Weekday,91.39339666008206,91.27550182018635
216,216,Northbound,Weekday,150.13655472096573,148.32818531066775
216,216,Southbound,Weekday,151.44904313285798,152.51523247756535
217,217,Northbound,Weekday,366.954655226569,367.2501400045276
217,217,Southbound,Weekday,392.33665846370525,393.0647632997419
232,232,Northbound,Weekday,156.3807080180565,155.78371750221817
232,232,Southbound,Weekday,137.38808053210226,137.25462609529652
239,239,Northbound,Weekday,250.62295180406812,280.6617533474894
239,239,Southbound,Weekday,314.37277425860816,309.94799230813567
251,251,Northbound,Weekday,96.4638578770197,97.03458646616542
251,251,Southbound,Weekday,87.04573553082506,84.85257584685209
346,346,Eastbound,Weekday,78.7477820212555,87.81760985796295
346,346,Westbound,Weekday,84.93094984937093,83.00467772967782
376,376,Northbound,Weekday,78.36671374743763,78.97567359922999
376,376,Southbound,Weekday,32.92653749966978,40.38046916574627
604,604,Eastbound,Weekday,31.10344772186878,32.07003727266887
604,604,Westbound,Weekday,52.44812252964429,55.37664690382085
605,605,Eastbound,Weekday,23.529411764705888,18.294117647058815
605,605,Westbound,Weekday,34.79679144385029,35.06230234029094
606,606,Eastbound,Weekday,23.77796234772979,24.3119007103692
606,606,Westbound,Weekday,30.04983404457086,37.935135135135134
607,607,Northbound,Weekday,10.38628690467936,10.762917256910391
617,617,Eastbound,Weekday,91.47509574618533,90.44369825002747
617,617,Westbound,Weekday,29.04355730476418,29.337487512487492
620,620,Northbound,Weekday,34.81691919191917,36.21969696969697
620,620,Southbound,Weekday,6.818181818181825,6.818181818181821
621,621,Northbound,Weekday,100.67094920281788,158.67296202128196
621,621,Southbound,Weekday,86.04761904761905,82.97619047619047
623,623,Northbound,Weekday,142.44818192294392,147.50115560379862
623,623,Southbound,Weekday,785.7321691042592,974.0287476241879
624,624,Southbound,Weekday,23.50882352941176,23.174946723106107
625,625,Northbound,Weekday,131.16773328842297,155.7806145004421
625,625,Southbound,Weekday,56.714082503556234,55.33001422475109
626,626,Northbound,Weekday,3.6999999999999997,3.7
626,626,Southbound,Weekday,5.009347094129701,6.222727272727273
628,628,Northbound,Weekday,7.33333333333334,7.3333333333333375
628,628,Southbound,Weekday,6.466167668617833,7.689922480620167
629,629,Northbound,Weekday,14.777777777777775,13.680555555555511
629,629,Southbound,Weekday,0.0,0.0
631,631,Northbound,Weekday,70.36855409504547,70.27553083923146
631,631,Southbound,Weekday,136.01194109066552,135.6107397504457
638,638,Eastbound,Weekday,25.864705882352943,24.90196078431371
638,638,Westbound,Weekday,52.20202020202019,52.20202020202015
641,641,Northbound,Weekday,22.743589743589745,22.743589743589716
641,641,Southbound,Weekday,156.12777777777734,161.44285714285706
642,642,Westbound,Weekday,36.51883116883117,76.7649350649351
646,646,Eastbound,Weekday,175.12424813682344,269.3422829035752
646,646,Westbound,Weekday,115.70787331462863,115.20835729872967
648,648,Eastbound,Weekday,44.33111702127657,74.77900127547451
648,648,Westbound,Weekday,114.22664835164834,111.1789062192288
649,649,Eastbound,Weekday,58.96104800537581,70.68893353762896
649,649,Westbound,Weekday,18.619409737549276,17.38263364542435
650,650,Eastbound,Weekday,29.94790398993691,34.65502098968919
650,650,Westbound,Weekday,18.046877828054296,17.61316742081444
651,651,Southbound,Weekday,79.46133762877952,79.42938521426888
652,652,Eastbound,Weekday,61.110888752052546,65.06470549287569
652,652,Westbound,Weekday,21.899999999999995,21.900000000000002
653,653,Northbound,Weekday,63.95550408827504,91.24885592350793
654,654,Eastbound,Weekday,64.22860677120391,64.85392526822046
654,654,Westbound,Weekday,240.1655664037242,241.23960693673249
655,655,Eastbound,Weekday,49.29787234042549,49.29787234042557
655,655,Westbound,Weekday,91.63888888888881,91.63888888888884
657,657,Eastbound,Weekday,141.3057736337395,160.54110803734196
657,657,Westbound,Weekday,64.14403604525555,63.93746842588307
658,658,Northbound,Weekday,180.93366013071912,185.64709489856557
658,658,Southbound,Weekday,64.86922617076851,59.91636678892782
660,660,Westbound,Weekday,46.11930010778697,53.17651354493462
662,662,Eastbound,Weekday,19.148148148148145,19.148148148148113
662,662,Westbound,Weekday,84.67073170731709,85.04295392953934
663,663,Northbound,Weekday,7.0246376811594216,6.557487922705313
663,663,Southbound,Weekday,50.21479606994311,50.9108088577562
667,667,Eastbound,Weekday,26.86327503974564,18.337042925278222
667,667,Westbound,Weekday,92.85288894657789,97.44787003207085
669,669,Eastbound,Weekday,21.198951048951056,20.985664335664335
669,669,Westbound,Weekday,26.592546088067106,28.06110615963557
671,671,Eastbound,Weekday,32.05000000000003,28.0666666666667
671,671,Westbound,Weekday,77.35079365079365,68.6436507936508
672,672,Eastbound,Weekday,1.6813725490196074,1.55258467023173
672,672,Westbound,Weekday,16.2352941176471,22.500445632798613
675,675,Eastbound,Weekday,67.49418228829994,59.98844537815128
675,675,Westbound,Weekday,131.35981792125637,202.63263597509825
676,676,Eastbound,Weekday,20.761437908496724,21.34313725490193
676,676,Westbound,Weekday,56.213617514236724,67.19674721563266
677,677,Eastbound,Weekday,19.336426180092747,19.174614554424956
677,677,Westbound,Weekday,42.70562770562767,71.49949494949496
680,680,Eastbound,Weekday,34.673796791443884,35.56862745098039
680,680,Westbound,Weekday,33.73356928356932,33.78157443157443
681,681,Eastbound,Weekday,8.85714285714286,8.857142857142854
681,681,Westbound,Weekday,5.375,5.375
682,682,Eastbound,Weekday,111.6577586206897,112.33509852216734
682,682,Westbound,Weekday,172.41884777371905,172.52428715877568
684,684,Eastbound,Weekday,51.631975867270036,50.591557813255946
684,684,Westbound,Weekday,103.64641751437422,148.07635996184757
687,687,Eastbound,Weekday,125.55203231942346,129.5516625038365
687,687,Westbound,Weekday,47.20930232558139,33.7209302325581
688,688,Northbound,Weekday,37.65624999999999,37.208669354838705
688,688,Southbound,Weekday,39.59999999999997,39.599999999999994
696,696,Eastbound,Weekday,26.55872913992293,28.500545571245183
696,696,Westbound,Weekday,14.666666666666671,14.666666666666652
701,701,Westbound,Weekday,51.4022295321637,49.1095238095238
702,702,Westbound,Weekday,14.4694444444444,14.5568181818182
703,703,Westbound,Weekday,10.4210526315789,10.4736842105263
706,706,Westbound,Weekday,9.68951516598997,10.664809395309218
707,707,Westbound,Weekday,1.16666666666667,0.111111111111111
800,800,Eastbound,Weekday,229.13982512308365,223.2137762151885
800,800,Westbound,Weekday,146.33248195189356,163.19923170900725
801,801,Northbound,Weekday,141.88342113075342,137.1324724801371
801,801,Southbound,Weekday,171.2312844087542,170.25378722438785
802,802,Northbound,Weekday,24.444627870846908,26.424245334183347
802,802,Southbound,Weekday,25.161307583847638,25.165327184892398
805,805,Eastbound,Weekday,47.63937140611444,59.64155437928051
805,805,Westbound,Weekday,45.63160638190961,48.34558812695535
840,840,Northbound,Weekday,25.542078528308856,25.37849272392575
840,840,Southbound,Weekday,30.747954030096917,30.395263863120988
851,851,Northbound,Weekday,48.34597171773712,46.800900621843134
851,851,Southbound,Weekday,46.14824332531588,48.51452695849628
40L,40,Northbound,Weekday,3016.27339016988,3025.95129052384
40L,40,Southbound,Weekday,3255.5699635032106,3234.040041716094
51A,511,Northbound,Weekday,3036.045390472929,3042.4028087832735
51A,511,Southbound,Weekday,2967.9659578457868,2968.0990693052563
51B,512,Northbound,Weekday,4810.563167262591,4805.933050757928
51B,512,Southbound,Weekday,4989.981410934377,5013.858870720225
52L,52,Northbound,Weekday,1184.6002387871267,1266.2539413970337
52L,52,Southbound,Weekday,2502.137183531341,2312.1324203143113
72M,721,Northbound,Weekday,1431.415884862381,1433.140484040495
72M,721,Southbound,Weekday,1321.2967756600888,1320.2694291535254
72R,372,Northbound,Weekday,1927.194542404461,1931.204974413354
72R,372,Southbound,Weekday,1881.4711588144573,1883.7121562941159
E,105,Eastbound,Weekday,68.94712049865382,69.50070763034276
E,105,Westbound,Weekday,64.7550193050155,63.73815744315739
F,106,Eastbound,Weekday,1246.24331308953,1194.8986329851984
F,106,Westbound,Weekday,1127.1497075094526,1156.698521272336
FS,109,Eastbound,Weekday,34.72401656314702,36.05511506037823
FS,109,Westbound,Weekday,44.82174826682465,53.42222222222221
G,120,Eastbound,Weekday,72.29812380149826,74.95829300554911
G,120,Westbound,Weekday,114.21157740269221,112.35120133276766
J,110,Eastbound,Weekday,86.25940662147556,87.45042241571726
J,110,Westbound,Weekday,132.5098487697959,132.10085651787514
L,1230,Eastbound,Weekday,66.78465676522751,69.06904898665698
L,1230,Westbound,Weekday,54.83266628397214,61.67697623752349
LA,127,Eastbound,Weekday,39.48844015238389,51.25890851614164
LA,127,Westbound,Weekday,32.61702127659572,32.778890279516055
NL,124,Eastbound,Weekday,1100.1533259102428,1100.3078045198347
NL,124,Westbound,Weekday,1047.593084984408,1048.9983186582886
NX,1290,Eastbound,Weekday,74.90456226372045,79.57967909364764
NX,1290,Westbound,Weekday,54.34630940343784,54.36804853387263
NX3,1293,Eastbound,Weekday,44.89781861403735,50.540694344954694
NX3,1293,Westbound,Weekday,43.43605870020964,43.471698113207566
O,1250,Eastbound,Weekday,544.1188062097818,547.5110952963354
O,1250,Westbound,Weekday,521.1214689906477,518.168386880772
OX,1251,Eastbound,Weekday,49.21728662185475,54.581450894535976
OX,1251,Westbound,Weekday,39.8045679039755,39.46074518092889
P,107,Eastbound,Weekday,145.08597409686425,152.71768878436148
P,107,Westbound,Weekday,143.52551696247346,144.88289509159114
U,136,Eastbound,Weekday,120.21050350244616,122.4320861902449
U,136,Westbound,Weekday,79.56383067226524,79.25300234317842
V,130,Eastbound,Weekday,81.95501671007094,84.8476706996307
V,130,Westbound,Weekday,64.68272620446538,64.68272620446537
W,119,Eastbound,Weekday,71.23426031537745,75.99657406012314
W,119,Westbound,Weekday,48.789743589743594,48.78974358974355
1,1,Northbound,Saturday,6001.491874791876,6048.136152736154
1,1,Southbound,Saturday,5921.508181769212,5984.493980039439
6,6,Northbound,Saturday,1889.8593795093793,1865.645418470419
6,6,Southbound,Saturday,2184.8112304362303,2209.617690642691
7,7,Northbound,Saturday,1181.6658730158733,1180.5103174603173
7,7,Southbound,Saturday,1134.7261904761908,1133.264285714285
10,10,Northbound,Saturday,707.7327349121463,711.728787878788
10,10,Southbound,Saturday,735.7158147408154,734.8593545343542
12,12,Northbound,Saturday,911.9317099567104,923.0719336219333
12,12,Southbound,Saturday,934.027200577202,923.1072150072148
14,14,Eastbound,Saturday,737.5418581418581,739.3580086579927
14,14,Westbound,Saturday,739.4902680652685,749.7258047508046
18,18,Northbound,Saturday,1459.7089937839935,1460.1408480408584
18,18,Southbound,Saturday,1428.4739419705195,1469.3363226642632
19,19,Eastbound,Saturday,91.7260101010101,92.11111111111106
19,19,Westbound,Saturday,93.20870240870241,93.74430014430013
20,20,Eastbound,Saturday,857.3692585192584,858.7809523809531
20,20,Westbound,Saturday,824.290909090909,824.469191919192
21,21,Eastbound,Saturday,424.90314685314706,421.79324009324
21,21,Westbound,Saturday,529.2571095571107,531.5531857031852
28,28,Northbound,Saturday,206.6773115773116,208.2314685314686
28,28,Southbound,Saturday,226.64358974358976,226.95536130536127
29,29,Eastbound,Saturday,351.66071428571445,347.72619047619054
29,29,Westbound,Saturday,365.7607142857143,377.2583333333332
33,33,Eastbound,Saturday,652.6237373737376,651.8820707070709
33,33,Westbound,Saturday,593.1073317610214,646.3199494949494
34,34,Northbound,Saturday,236.93313570487487,267.1060606060606
34,34,Southbound,Saturday,263.560606060606,263.8257575757575
35,35,Northbound,Saturday,248.59460539460537,251.5604728604728
35,35,Southbound,Saturday,265.2883838383863,265.16414973914965
36,36,Northbound,Saturday,1156.4317099566097,1141.5024531024533
36,36,Southbound,Saturday,852.9941752691653,857.4743145743143
41,41,Northbound,Saturday,190.46783216783206,190.0439393939394
41,41,Southbound,Saturday,194.0162714097497,196.15971057927584
45,45,Eastbound,Saturday,273.4531385280374,273.1060606060605
45,45,Westbound,Saturday,292.4219696969695,292.6462121212122
54,54,Eastbound,Saturday,317.1518648018649,319.7318181818181
54,54,Westbound,Saturday,280.28989898989875,280.36767676767636
56,56,Northbound,Saturday,166.00672105672115,166.79207459207464
56,56,Southbound,Saturday,112.540439270874,140.66363636363644
57,57,Eastbound,Saturday,2218.0071640776378,2247.232034631942
57,57,Westbound,Saturday,2267.960320235307,2262.582498057498
60,60,Eastbound,Saturday,358.53636363636366,356.37121212121207
60,60,Westbound,Saturday,311.01515151515156,311.7166666666668
62,62,Eastbound,Saturday,502.14782847872095,506.7220279720282
62,62,Westbound,Saturday,529.2102564102461,529.6984848484849
70,70,Northbound,Saturday,173.46634199134203,175.39285714285717
70,70,Southbound,Saturday,163.2900793650635,164.75238095238086
71,71,Northbound,Saturday,186.38333333333338,191.4345598845598
71,71,Southbound,Saturday,198.65039682539688,199.02698412698413
72,72,Northbound,Saturday,1327.7980519480475,1327.8886835386802
72,72,Southbound,Saturday,1239.3222370222431,1239.5521164021166
73,73,Eastbound,Saturday,646.7456709956662,647.1835497835493
73,73,Westbound,Saturday,655.8174963923958,657.2371933621932
74,74,Northbound,Saturday,222.32813575313577,214.58676046176046
74,74,Southbound,Saturday,205.84119769121222,208.86017316017305
76,76,Eastbound,Saturday,536.8567099566912,508.28531746031797
76,76,Westbound,Saturday,530.3570346320054,530.7273088023246
79,79,Northbound,Saturday,683.8745421245421,683.0458152958148
79,79,Southbound,Saturday,863.0156565656565,864.1243978243978
86,86,Northbound,Saturday,307.74191919191946,308.10934343434377
86,86,Southbound,Saturday,322.8070707070708,327.7666666666866
88,88,Northbound,Saturday,640.5349927849925,651.4443362193358
88,88,Southbound,Saturday,568.5324675324679,559.6296897546897
90,90,Eastbound,Saturday,196.70638805638805,198.88917748917743
90,90,Westbound,Saturday,189.51594516596109,190.14173881673892
93,93,Northbound,Saturday,179.21096016556544,193.55151515151505
93,93,Southbound,Saturday,218.70454545454544,217.77575757575755
95,95,Northbound,Saturday,69.96060606060603,67.34343434343428
95,95,Southbound,Saturday,64.55353535353531,64.31111111111116
96,96,Eastbound,Saturday,497.45212842712846,494.14898989899996
96,96,Westbound,Saturday,507.98409090908086,520.205844155844
97,97,Northbound,Saturday,745.4320845820844,747.4737373737371
97,97,Southbound,Saturday,747.006313131304,746.2300505050501
98,98,Eastbound,Saturday,234.88985181485188,237.94840992340272
98,98,Westbound,Saturday,246.60804473304466,248.13672438672432
99,99,Northbound,Saturday,633.3261849261852,630.9308080808082
99,99,Southbound,Saturday,659.7399378400289,664.1380591630589
200,200,Northbound,Saturday,489.06054778554727,486.906682206682
200,200,Southbound,Saturday,481.8910922410927,482.6213425463432
210,210,Northbound,Saturday,305.0378787878787,318.6303030303031
210,210,Southbound,Saturday,311.86775446776454,300.0605339105339
212,212,Northbound,Saturday,137.00265151515157,186.11313131313182
212,212,Southbound,Saturday,343.51540404040367,334.71010101010097
216,216,Southbound,Saturday,111.57753080253076,115.69101454101454
217,217,Northbound,Saturday,295.1710400710399,294.8283549783421
217,217,Southbound,Saturday,271.9305916305911,270.5414502164502
232,232,Northbound,Saturday,94.38838383838394,94.72121212121209
232,232,Southbound,Saturday,154.5512329174095,153.86336898395723
251,251,Southbound,Saturday,51.846969696969694,51.051515151515204
376,376,Northbound,Saturday,80.2430375180376,81.68106060606061
376,376,Southbound,Saturday,42.64710260499735,51.297979797979785
800,800,Eastbound,Saturday,328.381746031746,320.9285714285715
800,800,Westbound,Saturday,204.6671524510921,243.31383550230294
801,801,Northbound,Saturday,130.10714285714297,129.19126984126987
801,801,Southbound,Saturday,139.1908008658009,138.25674603174605
802,802,Northbound,Saturday,29.64389499389499,33.34946581196579
802,802,Southbound,Saturday,16.620039682539666,16.486111111111107
805,805,Eastbound,Saturday,59.00016155585041,69.46988058381248
840,840,Northbound,Saturday,18.975,18.625
840,840,Southbound,Saturday,26.303571428571388,26.178571428571466
851,851,Northbound,Saturday,46.54444444444445,44.85555555555555
851,851,Southbound,Saturday,50.85555555555555,53.98888888888884
40L,40,Northbound,Saturday,1545.5507964257963,1546.3429292929293
40L,40,Southbound,Saturday,1655.7803030303032,1657.879797979798
51A,511,Northbound,Saturday,1888.1042929292928,1885.6450216450924
51A,511,Southbound,Saturday,1823.4265873015868,1823.3164141413827
51B,512,Northbound,Saturday,4148.205519480231,4177.4851370851375
51B,512,Southbound,Saturday,4145.008415359151,4188.224512987013
52L,52,Northbound,Saturday,624.2148573648858,644.3692640692557
52L,52,Southbound,Saturday,988.7149563199104,1054.2181710360505
72M,721,Northbound,Saturday,1051.96174381183,1050.753593628594
72M,721,Southbound,Saturday,1167.0179653679656,1166.5976551226497
72R,372,Northbound,Saturday,1340.046176046176,1346.5369047619051
72R,372,Southbound,Saturday,1354.1740259740259,1361.387085137085
F,106,Eastbound,Saturday,752.423496708829,747.7306947395546
F,106,Westbound,Saturday,1323.2172188922189,1228.237570762571
NL,124,Eastbound,Saturday,562.8383838383841,559.8888888888891
NL,124,Westbound,Saturday,559.0517482517482,560.1587412587417
O,1250,Eastbound,Saturday,361.5780108780112,362.797591297581
O,1250,Westbound,Saturday,345.7308857808856,333.7629370629368
1,1,Northbound,Sunday,5667.057409257409,5651.726887001888
1,1,Southbound,Sunday,5576.929193682134,5633.784704184749
6,6,Northbound,Sunday,1569.7746142746175,1565.5719974469969
6,6,Southbound,Sunday,1669.328643578643,1682.5194805194226
7,7,Northbound,Sunday,1252.941666666667,1219.1234126984289
7,7,Southbound,Sunday,1213.302777777778,1186.8313492063323
10,10,Northbound,Sunday,607.5064226708893,612.2561605061609
10,10,Southbound,Sunday,650.0857725607724,653.8569971694969
12,12,Northbound,Sunday,661.3627317127319,666.033866133892
12,12,Southbound,Sunday,653.7272838272788,664.9897768897767
14,14,Eastbound,Sunday,624.7341103341237,625.2516372516243
14,14,Westbound,Sunday,636.7115495615496,636.9731768231769
18,18,Northbound,Sunday,1464.9468364968359,1463.139244089245
18,18,Southbound,Sunday,1246.2954039207732,1290.6395423105591
19,19,Eastbound,Sunday,83.72955655455654,83.58219280719288
19,19,Westbound,Sunday,89.47291736041741,90.69387556887554
20,20,Eastbound,Sunday,705.5841935841936,707.4344960594962
20,20,Westbound,Sunday,693.4106116106122,698.4890398490396
21,21,Eastbound,Sunday,369.85889110889093,368.06768231768234
21,21,Westbound,Sunday,426.4407259407258,430.3581751581824
28,28,Northbound,Sunday,175.86894282188396,176.43869463869464
28,28,Southbound,Sunday,197.21207126207128,197.24970029969523
29,29,Eastbound,Sunday,270.5,271.05
29,29,Westbound,Sunday,312.515476190476,316.9095238095239
33,33,Eastbound,Sunday,506.7499777999778,506.889743589744
33,33,Westbound,Sunday,460.6585878653103,502.1630203130204
34,34,Northbound,Sunday,190.84243449811393,214.36988256841215
34,34,Southbound,Sunday,197.0604395604395,196.32142857142856
35,35,Northbound,Sunday,206.795154845155,207.4298035298035
35,35,Southbound,Sunday,226.2857475857476,222.50313020313018
36,36,Northbound,Sunday,843.7383975927352,796.7111919481073
36,36,Southbound,Sunday,683.243656343694,729.6489066489153
41,41,Northbound,Sunday,159.40301365301355,159.4991674991718
41,41,Southbound,Sunday,175.1950216450216,175.83283716283154
45,45,Eastbound,Sunday,223.1163780663781,223.69272394272406
45,45,Westbound,Sunday,233.81732711732718,234.14566822066982
54,54,Eastbound,Sunday,261.25376290376244,262.7065101565099
54,54,Westbound,Sunday,228.71456876456895,228.0362470862473
56,56,Northbound,Sunday,147.03388278388277,146.74267399267399
56,56,Southbound,Sunday,103.31752969255416,134.15109890109886
57,57,Eastbound,Sunday,1703.9359418359488,1678.1556970806819
57,57,Westbound,Sunday,1778.0866688866545,1779.7289543788352
60,60,Eastbound,Sunday,298.63120213120214,296.7757242757243
60,60,Westbound,Sunday,270.23126873127575,270.41708291708284
62,62,Eastbound,Sunday,452.8813575313627,456.69518814518807
62,62,Westbound,Sunday,460.49513819512794,462.2134310134214
70,70,Northbound,Sunday,141.70472305472296,144.99402819402593
70,70,Southbound,Sunday,132.7789377289376,133.6590076590077
71,71,Northbound,Sunday,166.14002908855855,171.0642510267491
71,71,Southbound,Sunday,169.40756465756462,168.7500888000887
72,72,Northbound,Sunday,1129.0707015207572,1129.3886946386947
72,72,Southbound,Sunday,998.5860417360423,1002.2895937396161
73,73,Eastbound,Sunday,559.1514374514255,554.2180264180259
73,73,Westbound,Sunday,585.9907370407484,589.4829947829952
74,74,Northbound,Sunday,187.55884948384937,180.9691919191918
74,74,Southbound,Sunday,168.5747474747476,172.67918470418465
76,76,Eastbound,Sunday,501.8775557775565,468.669852369855
76,76,Westbound,Sunday,485.4135531135537,484.63482628484394
79,79,Northbound,Sunday,608.8414141414266,611.6550616050598
79,79,Southbound,Sunday,830.9290820290904,832.2921911421914
86,86,Northbound,Sunday,255.6345543345542,255.6184371184369
86,86,Southbound,Sunday,258.87573439632325,259.20919820908824
88,88,Northbound,Sunday,666.6024697524698,668.5854700854702
88,88,Southbound,Sunday,570.5276612276639,562.441219891219
90,90,Eastbound,Sunday,168.2294680809413,174.7700084229495
90,90,Westbound,Sunday,160.90990675991512,158.85536130536167
93,93,Northbound,Sunday,152.50948248986086,165.13956043956046
93,93,Southbound,Sunday,180.71428571428578,180.00000000000003
95,95,Northbound,Sunday,67.43181818181813,65.62121212121211
95,95,Southbound,Sunday,60.96212121212127,62.49242424242425
96,96,Eastbound,Sunday,428.5853590853589,430.51612831612715
96,96,Westbound,Sunday,468.57578532578515,475.44936729937945
97,97,Northbound,Sunday,642.6746753246755,642.9595571095567
97,97,Southbound,Sunday,647.718148518149,649.0544289044285
98,98,Eastbound,Sunday,204.90756465757502,208.89291264289903
98,98,Westbound,Sunday,215.51862026863358,216.8619880119881
99,99,Northbound,Sunday,559.2686452436457,548.488175713189
99,99,Southbound,Sunday,584.4029220779217,589.6207292703641
200,200,Northbound,Sunday,442.2100635475637,444.15912698412706
200,200,Southbound,Sunday,440.7173798423804,443.10250305252123
210,210,Northbound,Sunday,270.19230769230774,284.3589743589743
210,210,Southbound,Sunday,400.46886036668656,426.1970557220557
212,212,Southbound,Sunday,310.9406482406485,318.35557220557456
216,216,Southbound,Sunday,107.52282717282718,110.56417748917752
217,217,Northbound,Sunday,257.4917582417583,257.5879120879122
217,217,Southbound,Sunday,261.14540459540456,260.4881895881892
232,232,Northbound,Sunday,99.73388278388272,98.54297924297938
232,232,Southbound,Sunday,149.95527250526527,150.57490842490847
251,251,Southbound,Sunday,42.56391941391941,42.76153846153847
376,376,Northbound,Sunday,79.62829115329116,78.41000388500387
376,376,Southbound,Sunday,34.762028958313785,43.1585137085137
800,800,Eastbound,Sunday,181.31576479076466,181.82059884559885
800,800,Westbound,Sunday,138.19217808335458,155.4036244800951
801,801,Northbound,Sunday,130.5729076479148,128.30728715728708
801,801,Southbound,Sunday,155.0180375180374,154.81703851703855
802,802,Northbound,Sunday,26.811489508083937,28.057641038871672
802,802,Southbound,Sunday,18.775213675213664,18.722222222222214
805,805,Eastbound,Sunday,72.72867680770493,89.5381473598866
840,840,Northbound,Sunday,30.391025641025617,29.916666666666657
840,840,Southbound,Sunday,26.47239427239424,26.24801864801861
851,851,Northbound,Sunday,59.09166666666667,55.6083333333333
851,851,Southbound,Sunday,24.35,23.874206349206347
40L,40,Northbound,Sunday,1322.0203255078259,1325.8913808413813
40L,40,Southbound,Sunday,1394.8023532023535,1395.1271450771626
51A,511,Northbound,Sunday,1500.1055250305005,1501.6784687534675
51A,511,Southbound,Sunday,1430.1313325563328,1434.8734501609113
51B,512,Northbound,Sunday,3242.7249639249562,3218.5111832611847
51B,512,Southbound,Sunday,3500.7782861144674,3531.788636436475
52L,52,Northbound,Sunday,478.9775835275717,530.2846348096349
52L,52,Southbound,Sunday,892.6037971245638,847.1725973429063
72M,721,Northbound,Sunday,915.5291874791877,917.5189782439903
72M,721,Southbound,Sunday,1009.5201853701853,1009.789857364858
72R,372,Northbound,Sunday,1184.4498806748804,1185.6502414252416
72R,372,Southbound,Sunday,1216.8958041958033,1215.7583860583854
F,106,Eastbound,Sunday,588.8111670902274,617.2387447661747
F,106,Westbound,Sunday,1019.8474747474746,1017.3484848484852
NL,124,Eastbound,Sunday,486.83434898434945,483.80379620379654
NL,124,Westbound,Sunday,480.24719169719145,479.41827616827595
O,1250,Eastbound,Sunday,307.9513569763603,309.3496475746476
O,1250,Westbound,Sunday,298.6693639693641,296.93870018869995
